Precision,Recall,F1 Score
0.7268668831168831,0.4686436982119494,0.5698679535451027
