Precision,Recall,F1 Score
0.7215155615696888,0.46506759703445266,0.5655794219040042
