Precision,Recall,F1 Score
0.8596384495046063,0.8627126035761011,0.8611727830743111
