Precision,Recall,F1 Score
0.8594876248371689,0.8632359354557348,0.8613577023498694
